ID,Title,description
1,ルーム作成,ホストが部屋を作成する
2,入室,プレイヤーが部屋コードを入力して入室
3,ゲーム設定,ホストがゲーム内容の設定をする
4,ゲーム設定,2チーム作れる場合、チーム分けをする
5,ゲームReady,ホストが準備ボタンを押す。プレイヤー全員にOKボタンを押させる
6,ゲーム開始,プレイヤー全員がOKしたらゲーム開始
7,クイズ開始,ホストが開始ボタンを押してタイマースタート
8,正誤判定,ホストが〇×を押して正誤判定。プレイヤーは別ツールで通話していること前提のため、入力等は行わない
9,回答入力,ホストがメモ代わりに正解した回答を入力する。正解回答は画面左に表示される
10,正解時,プレイヤー上部のバクダンが移動する
11,成功,時間内に全プレイヤーが必要正解数の回答ができるとゲームクリア
12,失敗,時間内に必要正解数に達しない場合は爆発
13,終了画面,続ける、終わる。続ける場合はクイズ開始の画面に戻る。終わる場合は入出ロビーに戻る。
14,終了画面,2チームいる場合、次のチームを押せる。画面内のプレイヤーが交換されて次のクイズ開始をする。